<?xml version="1.0" encoding="UTF-8"?>
<root>
  <item name="com.baidu.ocr.ui.camera.Camera1Control void setDisplayOrientation(int) 0">
    <annotation name="android.support.annotation.IntDef">
      <val name="value" val="{com.baidu.ocr.ui.camera.CameraView.ORIENTATION_PORTRAIT, com.baidu.ocr.ui.camera.CameraView.ORIENTATION_HORIZONTAL, com.baidu.ocr.ui.camera.CameraView.ORIENTATION_INVERT}" />
    </annotation>
  </item>
  <item name="com.baidu.ocr.ui.camera.Camera1Control void setFlashMode(int) 0">
    <annotation name="android.support.annotation.IntDef">
      <val name="value" val="{com.baidu.ocr.ui.camera.ICameraControl.FLASH_MODE_TORCH, com.baidu.ocr.ui.camera.ICameraControl.FLASH_MODE_OFF, com.baidu.ocr.ui.camera.ICameraControl.FLASH_MODE_AUTO}" />
    </annotation>
  </item>
  <item name="com.baidu.ocr.ui.camera.Camera2Control void setDisplayOrientation(int) 0">
    <annotation name="android.support.annotation.IntDef">
      <val name="value" val="{com.baidu.ocr.ui.camera.CameraView.ORIENTATION_PORTRAIT, com.baidu.ocr.ui.camera.CameraView.ORIENTATION_HORIZONTAL, com.baidu.ocr.ui.camera.CameraView.ORIENTATION_INVERT}" />
    </annotation>
  </item>
  <item name="com.baidu.ocr.ui.camera.Camera2Control void setFlashMode(int) 0">
    <annotation name="android.support.annotation.IntDef">
      <val name="value" val="{com.baidu.ocr.ui.camera.ICameraControl.FLASH_MODE_TORCH, com.baidu.ocr.ui.camera.ICameraControl.FLASH_MODE_OFF, com.baidu.ocr.ui.camera.ICameraControl.FLASH_MODE_AUTO}" />
    </annotation>
  </item>
  <item name="com.baidu.ocr.ui.camera.Camera2Control void updateFlashMode(int, android.hardware.camera2.CaptureRequest.Builder) 0">
    <annotation name="android.support.annotation.IntDef">
      <val name="value" val="{com.baidu.ocr.ui.camera.ICameraControl.FLASH_MODE_TORCH, com.baidu.ocr.ui.camera.ICameraControl.FLASH_MODE_OFF, com.baidu.ocr.ui.camera.ICameraControl.FLASH_MODE_AUTO}" />
    </annotation>
  </item>
  <item name="com.baidu.ocr.ui.camera.CameraView void setMaskType(int) 0">
    <annotation name="android.support.annotation.IntDef">
      <val name="value" val="{com.baidu.ocr.ui.camera.MaskView.MASK_TYPE_NONE, com.baidu.ocr.ui.camera.MaskView.MASK_TYPE_ID_CARD_FRONT, com.baidu.ocr.ui.camera.MaskView.MASK_TYPE_ID_CARD_BACK, com.baidu.ocr.ui.camera.MaskView.MASK_TYPE_BANK_CARD}" />
    </annotation>
  </item>
  <item name="com.baidu.ocr.ui.camera.CameraView void setOrientation(int) 0">
    <annotation name="android.support.annotation.IntDef">
      <val name="value" val="{com.baidu.ocr.ui.camera.CameraView.ORIENTATION_PORTRAIT, com.baidu.ocr.ui.camera.CameraView.ORIENTATION_HORIZONTAL, com.baidu.ocr.ui.camera.CameraView.ORIENTATION_INVERT}" />
    </annotation>
  </item>
  <item name="com.baidu.ocr.ui.camera.CameraView.Orientation">
    <annotation name="android.support.annotation.IntDef">
      <val name="value" val="{com.baidu.ocr.ui.camera.CameraView.ORIENTATION_PORTRAIT, com.baidu.ocr.ui.camera.CameraView.ORIENTATION_HORIZONTAL, com.baidu.ocr.ui.camera.CameraView.ORIENTATION_INVERT}" />
    </annotation>
  </item>
  <item name="com.baidu.ocr.ui.camera.ICameraControl int getFlashMode()">
    <annotation name="android.support.annotation.IntDef">
      <val name="value" val="{com.baidu.ocr.ui.camera.ICameraControl.FLASH_MODE_TORCH, com.baidu.ocr.ui.camera.ICameraControl.FLASH_MODE_OFF, com.baidu.ocr.ui.camera.ICameraControl.FLASH_MODE_AUTO}" />
    </annotation>
  </item>
  <item name="com.baidu.ocr.ui.camera.ICameraControl void setDisplayOrientation(int) 0">
    <annotation name="android.support.annotation.IntDef">
      <val name="value" val="{com.baidu.ocr.ui.camera.CameraView.ORIENTATION_PORTRAIT, com.baidu.ocr.ui.camera.CameraView.ORIENTATION_HORIZONTAL, com.baidu.ocr.ui.camera.CameraView.ORIENTATION_INVERT}" />
    </annotation>
  </item>
  <item name="com.baidu.ocr.ui.camera.ICameraControl void setFlashMode(int) 0">
    <annotation name="android.support.annotation.IntDef">
      <val name="value" val="{com.baidu.ocr.ui.camera.ICameraControl.FLASH_MODE_TORCH, com.baidu.ocr.ui.camera.ICameraControl.FLASH_MODE_OFF, com.baidu.ocr.ui.camera.ICameraControl.FLASH_MODE_AUTO}" />
    </annotation>
  </item>
  <item name="com.baidu.ocr.ui.camera.MaskView void setMaskType(int) 0">
    <annotation name="android.support.annotation.IntDef">
      <val name="value" val="{com.baidu.ocr.ui.camera.MaskView.MASK_TYPE_NONE, com.baidu.ocr.ui.camera.MaskView.MASK_TYPE_ID_CARD_FRONT, com.baidu.ocr.ui.camera.MaskView.MASK_TYPE_ID_CARD_BACK, com.baidu.ocr.ui.camera.MaskView.MASK_TYPE_BANK_CARD}" />
    </annotation>
  </item>
  <item name="com.baidu.ocr.ui.camera.MaskView void setOrientation(int) 0">
    <annotation name="android.support.annotation.IntDef">
      <val name="value" val="{com.baidu.ocr.ui.camera.CameraView.ORIENTATION_PORTRAIT, com.baidu.ocr.ui.camera.CameraView.ORIENTATION_HORIZONTAL, com.baidu.ocr.ui.camera.CameraView.ORIENTATION_INVERT}" />
    </annotation>
  </item>
</root>

